"Site","GenSiteID","GenID","size_2013","size_2014","size_2015","size_2016","size_2017","size_2018","size_2019","Fate_2013","Fate_2014","Fate_2015","Fate_2016","Fate_2017","Fate_2018"
"FR132","FR132_1284",1284,66.73598424,0,0,0,0,0,0,"died","AD","AD","AD","AD","AD"
"FR132","FR132_1347",1347,17.10048348,0,0,0,0,0,0,"died","AD","AD","AD","AD","AD"
"FR132","FR132_1359",1359,18.32544648,0,0,0,0,0,0,"died","AD","AD","AD","AD","AD"
"FR132","FR132_1396",1396,18.63577044,0,0,0,0,0,0,"died","AD","AD","AD","AD","AD"
"FR132","FR132_1524",1524,213.64988004,0,0,0,0,0,0,"died","AD","AD","AD","AD","AD"
"FR132","FR132_1560",1560,49.76616348,0,0,0,0,0,0,"died","AD","AD","AD","AD","AD"
"FR132","FR132_1586",1586,19.9260648,0,0,0,0,0,0,"died","AD","AD","AD","AD","AD"
"FR132","FR132_1603",1603,205.40179584,0,0,0,0,0,0,"died","AD","AD","AD","AD","AD"
"FR132","FR132_1621",1621,25.90388424,0,0,0,0,0,0,"died","AD","AD","AD","AD","AD"
"FR132","FR132_1622",1622,24.64625556,0,0,0,0,0,0,"died","AD","AD","AD","AD","AD"
"FR132","FR132_1665",1665,39.49280712,0,0,0,0,0,0,"died","AD","AD","AD","AD","AD"
"FR132","FR132_1695",1695,58.81455684,0,0,0,0,0,0,"died","AD","AD","AD","AD","AD"
"FR132","FR132_1701",1701,66.3113304,0,0,0,0,0,0,"died","AD","AD","AD","AD","AD"
"FR132","FR132_1757",1757,18.40711068,0,0,0,0,0,0,"died","AD","AD","AD","AD","AD"
"FR132","FR132_1770",1770,10.22435784,0,0,0,0,0,0,"died","AD","AD","AD","AD","AD"
"FR132","FR132_1781",1781,28.30481172,0,0,0,0,0,0,"died","AD","AD","AD","AD","AD"
"FR132","FR132_1859",1859,20.12205888,0,0,0,0,0,0,"died","AD","AD","AD","AD","AD"
"FR132","FR132_1864",1864,29.79110016,0,0,0,0,0,0,"died","AD","AD","AD","AD","AD"
"FR132","FR132_1866",1866,16.93715508,0,0,0,0,0,0,"died","AD","AD","AD","AD","AD"
"FR132","FR132_1871",1871,54.09436608,0,0,0,0,0,0,"died","AD","AD","AD","AD","AD"
"FR132","FR132_1873",1873,32.9106726,0,0,0,0,0,0,"died","AD","AD","AD","AD","AD"
"FR132","FR132_1879",1879,27.29217564,0,0,0,0,0,0,"died","AD","AD","AD","AD","AD"
"FR132","FR132_1885",1885,31.65304392,0,0,0,0,0,0,"died","AD","AD","AD","AD","AD"
"FR132","FR132_1891",1891,37.14087816,0,0,0,0,0,0,"died","AD","AD","AD","AD","AD"
"FR132","FR132_1893",1893,49.88049336,0,0,0,0,0,0,"died","AD","AD","AD","AD","AD"
"FR132","FR132_1902",1902,32.95967112,0,0,0,0,0,0,"died","AD","AD","AD","AD","AD"
"FR132","FR132_1906",1906,13.99724388,0,0,0,0,0,0,"died","AD","AD","AD","AD","AD"
"FR14","FR14_1145",0,0,0,736.55136743,0,0,0,0,"BC","recruit","died","AD","AD","AD"
"FR14","FR14_1150",0,0,0,1485.74088461,0,0,0,0,"BC","recruit","died","AD","AD","AD"
"FR14","FR14_1176",0,0,0,69.76258662,0,0,0,0,"BC","recruit","died","AD","AD","AD"
"FR14","FR14_1181",0,0,0,21.00378952,0,0,0,0,"BC","recruit","died","AD","AD","AD"
"FR14","FR14_1185",1185,211.70123878,0,131.87705423,211.70123878,0,0,0,"BC","recruit","AD","AD","AD","AD"
"FR14","FR14_1209",0,0,0,61.25018124,0,0,0,0,"BC","recruit","died","AD","AD","AD"
"FR14","FR14_1259",0,0,0,33.52778824,0,0,0,0,"BC","recruit","died","AD","AD","AD"
"FR14","FR14_1264",1264,284.44805947,0,187.64798603,284.44805947,0,0,0,"BC","recruit","AD","AD","AD","AD"
"FR14","FR14_1269",1269,3.86482773,0,53.6509841,3.86482773,0,0,0,"BC","recruit","AD","AD","AD","AD"
"FR14","FR14_1271",0,0,0,39.33318348,0,0,0,0,"BC","recruit","died","AD","AD","AD"
"FR14","FR14_1275",1275,337.65874674,0,394.53857426,337.65874674,0,0,0,"BC","recruit","AD","AD","AD","AD"
"FR14","FR14_1277",1277,48.5957242,0,25.86336194,48.5957242,0,0,0,"BC","recruit","AD","AD","AD","AD"
"FR14","FR14_1286",0,0,0,32.72873103,0,0,0,0,"BC","recruit","died","AD","AD","AD"
"FR14","FR14_1300",0,0,0,44.25798506,0,0,0,0,"BC","recruit","died","AD","AD","AD"
"FR14","FR14_1322",0,0,0,108.99792636,0,0,0,0,"BC","recruit","died","AD","AD","AD"
"FR14","FR14_1342",0,0,0,391.0488142,0,0,0,0,"BC","recruit","died","AD","AD","AD"
"FR14","FR14_1347",0,0,0,108.59024411,0,0,0,0,"BC","recruit","died","AD","AD","AD"
"FR14","FR14_1348",1348,10169.24235129,0,12568.38716338,10169.24235129,0,0,0,"BC","recruit","AD","AD","AD","AD"
"FR14","FR14_1350",0,0,0,45.56256826,0,0,0,0,"BC","recruit","died","AD","AD","AD"
"FR14","FR14_1356",1356,373.46955558,0,159.38745246,373.46955558,0,0,0,"BC","recruit","AD","AD","AD","AD"
"FR14","FR14_1368",1368,266.98295188,0,171.68314912,266.98295188,0,0,0,"BC","recruit","AD","AD","AD","AD"
"FR14","FR14_1378",1378,512.29351535,0,333.8102263,512.29351535,0,0,0,"BC","recruit","AD","AD","AD","AD"
"FR14","FR14_1399",0,0,0,1679.45518252,0,0,0,0,"BC","recruit","died","AD","AD","AD"
"FR14","FR14_1404",0,0,0,298.63540177,0,0,0,0,"BC","recruit","died","AD","AD","AD"
"FR14","FR14_1439",1439,45.48103181,0,122.81020099,45.48103181,0,0,0,"BC","recruit","AD","AD","AD","AD"
"FR14","FR14_1450",0,0,0,62.96244669,0,0,0,0,"BC","recruit","died","AD","AD","AD"
"FR14","FR14_1457",1457,338.44149666,0,60.61419693,338.44149666,0,0,0,"BC","recruit","AD","AD","AD","AD"
"FR14","FR14_1462",0,0,0,139.55778782,0,0,0,0,"BC","recruit","died","AD","AD","AD"
"FR14","FR14_1466",1466,100.27352621,0,171.96037305,100.27352621,0,0,0,"BC","recruit","AD","AD","AD","AD"
"FR14","FR14_1483",0,0,0,19.81335735,0,0,0,0,"BC","recruit","died","AD","AD","AD"
"FR14","FR14_1484",0,0,0,41.86081343,0,0,0,0,"BC","recruit","died","AD","AD","AD"
"FR14","FR14_1486",1486,16.87804515,0,201.8842502,16.87804515,0,0,0,"BC","recruit","AD","AD","AD","AD"
"FR14","FR14_1488",0,0,0,60.48373861,0,0,0,0,"BC","recruit","died","AD","AD","AD"
"FR14","FR14_1489",0,0,0,60.56527506,0,0,0,0,"BC","recruit","died","AD","AD","AD"
"FR14","FR14_1493",0,0,0,43.10016747,0,0,0,0,"BC","recruit","died","AD","AD","AD"
"FR14","FR14_1494",1494,147.32005786,0,169.51427955,147.32005786,0,0,0,"BC","recruit","AD","AD","AD","AD"
"FR14","FR14_1501",0,0,0,41.19221454,0,0,0,0,"BC","recruit","died","AD","AD","AD"
"FR14","FR14_1502",0,0,0,170.76994088,0,0,0,0,"BC","recruit","died","AD","AD","AD"
"FR14","FR14_1504",0,0,0,62.32646238,0,0,0,0,"BC","recruit","died","AD","AD","AD"
"FR14","FR14_1509",1509,20.7102583,0,358.87453103,20.7102583,0,0,0,"BC","recruit","AD","AD","AD","AD"
"FR14","FR14_1516",0,0,0,157.13704644,0,0,0,0,"BC","recruit","died","AD","AD","AD"
"FR14","FR14_1518",0,0,0,33.20164244,0,0,0,0,"BC","recruit","died","AD","AD","AD"
"FR14","FR14_1570",1570,146.37423504,0,67.36541499,146.37423504,0,0,0,"BC","recruit","AD","AD","AD","AD"
"FR14","FR14_1572",0,0,0,45.8234849,0,0,0,0,"BC","recruit","died","AD","AD","AD"
"FR14","FR14_1575",0,0,0,31.92967382,0,0,0,0,"BC","recruit","died","AD","AD","AD"
"FR14","FR14_1578",1578,230.38939312,0,172.18867511,230.38939312,0,0,0,"BC","recruit","AD","AD","AD","AD"
"FR14","FR14_1580",1580,525.86118063,0,203.28667714,525.86118063,0,0,0,"BC","recruit","AD","AD","AD","AD"
"FR14","FR14_1582",1582,76.98671609,0,49.37847412,76.98671609,0,0,0,"BC","recruit","AD","AD","AD","AD"
"FR14","FR14_1584",0,0,0,174.9772217,0,0,0,0,"BC","recruit","died","AD","AD","AD"
"FR14","FR14_1586",0,0,0,27.57562739,0,0,0,0,"BC","recruit","died","AD","AD","AD"
"FR14","FR14_1588",1588,418.70597804,0,128.41990875,418.70597804,0,0,0,"BC","recruit","AD","AD","AD","AD"
"FR14","FR14_1597",0,0,0,9.80068129,0,0,0,0,"BC","recruit","died","AD","AD","AD"
"FR14","FR14_1601",1601,28.43991376,0,229.94909629,28.43991376,0,0,0,"BC","recruit","AD","AD","AD","AD"
"FR14","FR14_1608",0,0,0,153.69620825,0,0,0,0,"BC","recruit","died","AD","AD","AD"
"FR14","FR14_1668",0,0,0,188.96887652,0,0,0,0,"BC","recruit","died","AD","AD","AD"
"FR14","FR14_1693",1693,288.23135075,0,37.49045971,288.23135075,0,0,0,"BC","recruit","AD","AD","AD","AD"
"FR14","FR14_1699",1699,1092.13182588,0,614.21407785,1092.13182588,0,0,0,"BC","recruit","AD","AD","AD","AD"
"FR14","FR14_1712",1712,91.67958438,0,84.55329865,91.67958438,0,0,0,"BC","recruit","AD","AD","AD","AD"
"FR14","FR14_1720",1720,1230.85794191,0,892.93827853,1230.85794191,0,0,0,"BC","recruit","AD","AD","AD","AD"
"FR14","FR14_1739",1739,184.64744467,0,43.5404643,184.64744467,0,0,0,"BC","recruit","AD","AD","AD","AD"
"FR14","FR14_1746",0,0,0,25.50460156,0,0,0,0,"BC","recruit","died","AD","AD","AD"
"FR14","FR14_1747",1747,581.48534682,0,309.64282252,581.48534682,0,0,0,"BC","recruit","AD","AD","AD","AD"
"FR14","FR14_1748",1748,336.14216877,0,229.54141404,336.14216877,0,0,0,"BC","recruit","AD","AD","AD","AD"
"FR14","FR14_1752",1752,8924.09922334,0,736.45352369,8924.09922334,0,0,0,"BC","recruit","AD","AD","AD","AD"
"FR14","FR14_1759",0,0,0,2142.22345814,0,0,0,0,"BC","recruit","died","AD","AD","AD"
"FR14","FR14_1763",0,0,0,84.37391846,0,0,0,0,"BC","recruit","died","AD","AD","AD"
"FR14","FR14_1843",0,0,0,34.31053816,0,0,0,0,"BC","recruit","died","AD","AD","AD"
"FR14","FR14_2066",2066,286.74738736,0,0,286.74738736,0,0,0,"BC","BC","recruit","AD","AD","AD"
"FR14","FR14_2150",2150,459.01759892,0,0,459.01759892,0,0,0,"BC","BC","recruit","AD","AD","AD"
"FR14","FR14_2164",2164,28.24422628,0,0,28.24422628,0,0,0,"BC","BC","recruit","AD","AD","AD"
"FR14","FR14_2168",2168,259.35114016,0,0,259.35114016,0,0,0,"BC","BC","recruit","AD","AD","AD"
"FR14","FR14_2215",2215,15.8180713,0,0,15.8180713,0,0,0,"BC","BC","recruit","AD","AD","AD"
"FR14","FR14_2224",2224,19.568748,0,0,19.568748,0,0,0,"BC","BC","recruit","AD","AD","AD"
"FR14","FR14_2248",2248,102.03471353,0,0,102.03471353,0,0,0,"BC","BC","recruit","AD","AD","AD"
"FR14","FR14_2263",2263,17.87278984,0,0,17.87278984,0,0,0,"BC","BC","recruit","AD","AD","AD"
"FR14","FR14_2265",2265,84.83052258,0,0,84.83052258,0,0,0,"BC","BC","recruit","AD","AD","AD"
"FR14","FR14_2266",2266,104.75803096,0,0,104.75803096,0,0,0,"BC","BC","recruit","AD","AD","AD"
"FR14","FR14_2273",2273,68.19708678,0,0,68.19708678,0,0,0,"BC","BC","recruit","AD","AD","AD"
"FR14","FR14_2297",2297,176.13503929,0,0,176.13503929,0,0,0,"BC","BC","recruit","AD","AD","AD"
"FR14","FR14_2303",2303,14.44825894,0,0,14.44825894,0,0,0,"BC","BC","recruit","AD","AD","AD"
"FR14","FR14_2306",2306,87.35815253,0,0,87.35815253,0,0,0,"BC","BC","recruit","AD","AD","AD"
"FR14","FR14_2309",2309,5.5444786,0,0,5.5444786,0,0,0,"BC","BC","recruit","AD","AD","AD"
"FR14","FR14_2316",2316,107.15520259,0,0,107.15520259,0,0,0,"BC","BC","recruit","AD","AD","AD"
"FR14","FR14_2325",2325,93.24508422,0,0,93.24508422,0,0,0,"BC","BC","recruit","AD","AD","AD"
"FR14","FR14_2386",2386,106.35614538,0,0,106.35614538,0,0,0,"BC","BC","recruit","AD","AD","AD"
"FR14","FR14_2387",2387,6.21307749,0,0,6.21307749,0,0,0,"BC","BC","recruit","AD","AD","AD"
"FR14","FR14_2389",2389,84.56960594,0,0,84.56960594,0,0,0,"BC","BC","recruit","AD","AD","AD"
"FR14","FR14_2393",2393,97.46867233,0,0,97.46867233,0,0,0,"BC","BC","recruit","AD","AD","AD"
"FR14","FR14_2402",2402,17.38357114,0,0,17.38357114,0,0,0,"BC","BC","recruit","AD","AD","AD"
"FR14","FR14_2417",2417,78.09561181,0,0,78.09561181,0,0,0,"BC","BC","recruit","AD","AD","AD"
"FR14","FR14_2420",2420,123.18526866,0,0,123.18526866,0,0,0,"BC","BC","recruit","AD","AD","AD"
"FR14","FR14_2424",2424,146.97760477,0,0,146.97760477,0,0,0,"BC","BC","recruit","AD","AD","AD"
"FR14","FR14_2445",2445,60.80988441,0,0,60.80988441,0,0,0,"BC","BC","recruit","AD","AD","AD"
"FR14","FR14_2458",2458,58.60840026,0,0,58.60840026,0,0,0,"BC","BC","recruit","AD","AD","AD"
"FR14","FR14_2464",2464,117.42879529,0,0,117.42879529,0,0,0,"BC","BC","recruit","AD","AD","AD"
"FR14","FR14_2467",2467,237.23845492,0,0,237.23845492,0,0,0,"BC","BC","recruit","AD","AD","AD"
"FR14","FR14_2472",2472,320.45455579,0,0,320.45455579,0,0,0,"BC","BC","recruit","AD","AD","AD"
"FR14","FR14_2473",2473,216.0715925,0,0,216.0715925,0,0,0,"BC","BC","recruit","AD","AD","AD"
"FR14","FR14_2488",2488,66.92511816,0,0,66.92511816,0,0,0,"BC","BC","recruit","AD","AD","AD"
"FR14","FR14_2515",2515,49.4110887,0,0,49.4110887,0,0,0,"BC","BC","recruit","AD","AD","AD"
"FR14","FR14_2517",2517,31.65244989,0,0,31.65244989,0,0,0,"BC","BC","recruit","AD","AD","AD"
"FR14","FR14_2521",2521,90.81529801,0,0,90.81529801,0,0,0,"BC","BC","recruit","AD","AD","AD"
"FR14","FR14_2535",2535,120.44564394,0,0,120.44564394,0,0,0,"BC","BC","recruit","AD","AD","AD"
"FR14","FR14_2548",2548,156.58259858,0,0,156.58259858,0,0,0,"BC","BC","recruit","AD","AD","AD"
"FR14","FR14_2552",2552,42.98601644,0,0,42.98601644,0,0,0,"BC","BC","recruit","AD","AD","AD"
"FR14","FR14_2554",2554,31.11430932,0,0,31.11430932,0,0,0,"BC","BC","recruit","AD","AD","AD"
"FR14","FR14_2557",2557,20.53087811,0,0,20.53087811,0,0,0,"BC","BC","recruit","AD","AD","AD"
"FR14","FR14_2567",2567,41.04544893,0,0,41.04544893,0,0,0,"BC","BC","recruit","AD","AD","AD"
"FR14","FR14_2582",2582,257.80194761,0,0,257.80194761,0,0,0,"BC","BC","recruit","AD","AD","AD"
"FR14","FR14_2603",2603,91.82634999,0,0,91.82634999,0,0,0,"BC","BC","recruit","AD","AD","AD"
"FR14","FR14_2608",2608,21.86807589,0,0,21.86807589,0,0,0,"BC","BC","recruit","AD","AD","AD"
"FR14","FR14_2609",2609,16.74758683,0,0,16.74758683,0,0,0,"BC","BC","recruit","AD","AD","AD"
"FR14","FR14_2612",2612,26.82549205,0,0,26.82549205,0,0,0,"BC","BC","recruit","AD","AD","AD"
"FR14","FR14_2615",2615,299.63014646,0,0,299.63014646,0,0,0,"BC","BC","recruit","AD","AD","AD"
"FR14","FR14_2617",2617,6.70229619,0,0,6.70229619,0,0,0,"BC","BC","recruit","AD","AD","AD"
"FR14","FR14_2618",2618,8.98531679,0,0,8.98531679,0,0,0,"BC","BC","recruit","AD","AD","AD"
"FR14","FR14_2621",2621,13.40459238,0,0,13.40459238,0,0,0,"BC","BC","recruit","AD","AD","AD"
"FR14","FR14_2622",2622,31.29368951,0,0,31.29368951,0,0,0,"BC","BC","recruit","AD","AD","AD"
"FR14","FR14_2630",2630,42.12173007,0,0,42.12173007,0,0,0,"BC","BC","recruit","AD","AD","AD"
"FR14","FR14_2638",2638,196.91052675,0,0,196.91052675,0,0,0,"BC","BC","recruit","AD","AD","AD"
"FR14","FR14_2639",2639,57.01028584,0,0,57.01028584,0,0,0,"BC","BC","recruit","AD","AD","AD"
"FR14","FR14_2641",2641,47.53575035,0,0,47.53575035,0,0,0,"BC","BC","recruit","AD","AD","AD"
"FR14","FR14_2643",2643,17.00850347,0,0,17.00850347,0,0,0,"BC","BC","recruit","AD","AD","AD"
"FR14","FR14_2648",2648,99.36031797,0,0,99.36031797,0,0,0,"BC","BC","recruit","AD","AD","AD"
"FR14","FR14_2651",2651,100.81166678,0,0,100.81166678,0,0,0,"BC","BC","recruit","AD","AD","AD"
"FR14","FR14_2652",2652,10.90957701,0,0,10.90957701,0,0,0,"BC","BC","recruit","AD","AD","AD"
"FR14","FR14_2657",2657,127.81653902,0,0,127.81653902,0,0,0,"BC","BC","recruit","AD","AD","AD"
"FR14","FR14_2659",2659,232.90071578,0,0,232.90071578,0,0,0,"BC","BC","recruit","AD","AD","AD"
"FR14","FR14_2670",2670,10.7628114,0,0,10.7628114,0,0,0,"BC","BC","recruit","AD","AD","AD"
"FR14","FR14_2673",2673,46.52469837,0,0,46.52469837,0,0,0,"BC","BC","recruit","AD","AD","AD"
"FR14","FR14_2697",2697,13.2089049,0,0,13.2089049,0,0,0,"BC","BC","recruit","AD","AD","AD"
"FR14","FR14_2698",2698,10.17574896,0,0,10.17574896,0,0,0,"BC","BC","recruit","AD","AD","AD"
"FR14","FR14_2699",2699,18.60661789,0,0,18.60661789,0,0,0,"BC","BC","recruit","AD","AD","AD"
"FR14","FR14_2702",2702,80.83523653,0,0,80.83523653,0,0,0,"BC","BC","recruit","AD","AD","AD"
"FR14","FR14_2712",2712,53.96082261,0,0,53.96082261,0,0,0,"BC","BC","recruit","AD","AD","AD"
"FR14","FR14_2729",2729,148.54310461,0,0,148.54310461,0,0,0,"BC","BC","recruit","AD","AD","AD"
"FR14","FR14_2730",2730,55.67308806,0,0,55.67308806,0,0,0,"BC","BC","recruit","AD","AD","AD"
"FR14","FR14_2736",2736,22.52036749,0,0,22.52036749,0,0,0,"BC","BC","recruit","AD","AD","AD"
"FR14","FR14_2741",2741,55.23279123,0,0,55.23279123,0,0,0,"BC","BC","recruit","AD","AD","AD"
"FR14","FR14_2742",2742,46.9649952,0,0,46.9649952,0,0,0,"BC","BC","recruit","AD","AD","AD"
"FR14","FR14_2743",2743,11.52925403,0,0,11.52925403,0,0,0,"BC","BC","recruit","AD","AD","AD"
"FR14","FR14_2747",2747,20.67764372,0,0,20.67764372,0,0,0,"BC","BC","recruit","AD","AD","AD"
"FR14","FR14_2754",2754,25.70028904,0,0,25.70028904,0,0,0,"BC","BC","recruit","AD","AD","AD"
"FR14","FR14_2760",2760,79.51434604,0,0,79.51434604,0,0,0,"BC","BC","recruit","AD","AD","AD"
"FR14","FR14_2765",2765,439.1553197,0,0,439.1553197,0,0,0,"BC","BC","recruit","AD","AD","AD"
"FR14","FR14_2767",2767,174.24339365,0,0,174.24339365,0,0,0,"BC","BC","recruit","AD","AD","AD"
"FR14","FR14_2773",2773,8.4797908,0,0,8.4797908,0,0,0,"BC","BC","recruit","AD","AD","AD"
"FR14","FR14_2774",2774,12.81752994,0,0,12.81752994,0,0,0,"BC","BC","recruit","AD","AD","AD"
"FR14","FR14_2776",2776,3.97897876,0,0,3.97897876,0,0,0,"BC","BC","recruit","AD","AD","AD"
"FR14","FR14_2778",2778,35.5498922,0,0,35.5498922,0,0,0,"BC","BC","recruit","AD","AD","AD"
"FR14","FR14_2784",2784,29.69557509,0,0,29.69557509,0,0,0,"BC","BC","recruit","AD","AD","AD"
"FR14","FR14_2792",2792,74.96461213,0,0,74.96461213,0,0,0,"BC","BC","recruit","AD","AD","AD"
"FR14","FR14_2800",2800,48.90556271,0,0,48.90556271,0,0,0,"BC","BC","recruit","AD","AD","AD"
"FR14","FR14_2817",2817,36.80555353,0,0,36.80555353,0,0,0,"BC","BC","recruit","AD","AD","AD"
"FR14","FR14_2818",2818,165.95929033,0,0,165.95929033,0,0,0,"BC","BC","recruit","AD","AD","AD"
"FR14","FR14_2822",2822,61.52740517,0,0,61.52740517,0,0,0,"BC","BC","recruit","AD","AD","AD"
"FR14","FR14_2841",2841,276.52271653,0,0,276.52271653,0,0,0,"BC","BC","recruit","AD","AD","AD"
"FR14","FR14_2847",2847,16.6334358,0,0,16.6334358,0,0,0,"BC","BC","recruit","AD","AD","AD"
"FR14","FR14_2852",2852,153.90820302,0,0,153.90820302,0,0,0,"BC","BC","recruit","AD","AD","AD"
"FR14","FR14_2871",2871,8.36563977,0,0,8.36563977,0,0,0,"BC","BC","recruit","AD","AD","AD"
"FR14","FR14_2873",2873,29.22266368,0,0,29.22266368,0,0,0,"BC","BC","recruit","AD","AD","AD"
"FR14","FR14_2879",2879,93.71799563,0,0,93.71799563,0,0,0,"BC","BC","recruit","AD","AD","AD"
"FR14","FR14_2880",2880,8.38194706,0,0,8.38194706,0,0,0,"BC","BC","recruit","AD","AD","AD"
"FR14","FR14_2888",2888,234.6619031,0,0,234.6619031,0,0,0,"BC","BC","recruit","AD","AD","AD"
"FR14","FR14_2889",2889,6459.44802732,0,0,6459.44802732,0,0,0,"BC","BC","recruit","AD","AD","AD"
"FR14","FR14_2903",2903,303.11990652,0,0,303.11990652,0,0,0,"BC","BC","recruit","AD","AD","AD"
"FR14","FR14_2904",2904,48.20434924,0,0,48.20434924,0,0,0,"BC","BC","recruit","AD","AD","AD"
"FR14","FR14_2906",2906,93.62015189,0,0,93.62015189,0,0,0,"BC","BC","recruit","AD","AD","AD"
"FR14","FR14_2915",2915,47.71513054,0,0,47.71513054,0,0,0,"BC","BC","recruit","AD","AD","AD"
"FR14","FR14_2917",2917,12.67076433,0,0,12.67076433,0,0,0,"BC","BC","recruit","AD","AD","AD"
"FR14","FR14_2918",2918,30.83708539,0,0,30.83708539,0,0,0,"BC","BC","recruit","AD","AD","AD"
"FR14","FR14_2919",2919,26.9070285,0,0,26.9070285,0,0,0,"BC","BC","recruit","AD","AD","AD"
"FR14","FR14_2922",2922,52.0202551,0,0,52.0202551,0,0,0,"BC","BC","recruit","AD","AD","AD"
"FR14","FR14_2924",2924,42.57833419,0,0,42.57833419,0,0,0,"BC","BC","recruit","AD","AD","AD"
"FR14","FR14_2929",2929,108.62285869,0,0,108.62285869,0,0,0,"BC","BC","recruit","AD","AD","AD"
"FR14","FR14_2930",2930,16.61712851,0,0,16.61712851,0,0,0,"BC","BC","recruit","AD","AD","AD"
"FR14","FR14_2931",2931,62.7830665,0,0,62.7830665,0,0,0,"BC","BC","recruit","AD","AD","AD"
"FR14","FR14_2934",2934,29.43465845,0,0,29.43465845,0,0,0,"BC","BC","recruit","AD","AD","AD"
"FR14","FR14_2935",2935,160.21912425,0,0,160.21912425,0,0,0,"BC","BC","recruit","AD","AD","AD"
"FR14","FR14_2942",2942,123.78863839,0,0,123.78863839,0,0,0,"BC","BC","recruit","AD","AD","AD"
"FR14","FR14_2943",2943,217.93062356,0,0,217.93062356,0,0,0,"BC","BC","recruit","AD","AD","AD"
"FR14","FR14_2948",2948,36.46310044,0,0,36.46310044,0,0,0,"BC","BC","recruit","AD","AD","AD"
"FR14","FR14_2950",2950,60.54896777,0,0,60.54896777,0,0,0,"BC","BC","recruit","AD","AD","AD"
"FR14","FR14_3802",0,0,0,0,0,184.56590822,0,0,"BC","BC","BC","recruit","died","AD"
"FR14","FR14_3816",0,0,0,0,0,218.0284673,0,0,"BC","BC","BC","recruit","died","AD"
"FR14","FR14_3828",0,0,0,0,0,75.81259121,0,0,"BC","BC","BC","recruit","died","AD"
"FR14","FR14_3855",0,0,0,0,0,326.65132599,116.97219117,0,"BC","BC","BC","recruit","alive","died"
"FR14","FR14_3862",0,0,0,0,0,10.63235308,0,0,"BC","BC","BC","recruit","died","AD"
"FR14","FR14_3868",0,0,0,0,0,4.38666101,0,0,"BC","BC","BC","recruit","died","AD"
"FR14","FR14_3872",0,0,0,0,0,1.51657797,0,0,"BC","BC","BC","recruit","died","AD"
"FR14","FR14_3873",0,0,0,0,0,1.1415103,0,0,"BC","BC","BC","recruit","died","AD"
"FR14","FR14_3885",0,0,0,0,0,134.38837689,97.81112542,0,"BC","BC","BC","recruit","alive","died"
"FR14","FR14_3893",0,0,0,0,0,205.3087811,0,0,"BC","BC","BC","recruit","died","AD"
"FR14","FR14_3941",0,0,0,0,0,12.24677479,0,0,"BC","BC","BC","recruit","died","AD"
"FR14","FR14_3943",0,0,0,0,0,308.92530176,0,0,"BC","BC","BC","recruit","died","AD"
"FR14","FR14_3949",0,0,0,0,0,31.53829886,0,0,"BC","BC","BC","recruit","died","AD"
"FR14","FR14_3950",0,0,0,0,0,26.05904942,0,0,"BC","BC","BC","recruit","died","AD"
"FR14","FR14_3954",0,0,0,0,0,522.28988412,131.42045011,0,"BC","BC","BC","recruit","alive","died"
"FR14","FR14_3956",0,0,0,0,0,79.54696062,0,0,"BC","BC","BC","recruit","died","AD"
"FR14","FR14_3960",0,0,0,0,0,111.57447818,0,0,"BC","BC","BC","recruit","died","AD"
"FR14","FR14_3969",0,0,0,0,0,199.99260456,88.32028264,0,"BC","BC","BC","recruit","alive","died"
"FR14","FR14_3985",0,0,0,0,0,14.97009222,36.16956922,0,"BC","BC","BC","recruit","alive","died"
"FR14","FR14_3994",0,0,0,0,0,9.22992614,0,0,"BC","BC","BC","recruit","died","AD"
"FR14","FR14_4010",0,0,0,0,0,10.24097812,0,0,"BC","BC","BC","recruit","died","AD"
"FR14","FR14_4018",0,0,0,0,0,47.47052119,47.60097951,0,"BC","BC","BC","recruit","alive","died"
"FR14","FR14_4019",0,0,0,0,0,117.62448277,139.83501175,0,"BC","BC","BC","recruit","alive","died"
"FR14","FR14_4027",0,0,0,0,0,20607.66913861,16896.50500228,0,"BC","BC","BC","recruit","alive","died"
"FR14","FR14_4029",0,0,0,0,0,4.30512456,9.31146259,0,"BC","BC","BC","recruit","alive","died"
"FR14","FR14_4030",0,0,0,0,0,30.18479379,39.64302199,0,"BC","BC","BC","recruit","alive","died"
"FR14","FR14_4035",0,0,0,0,0,2.9353122,0,0,"BC","BC","BC","recruit","died","AD"
"FR14","FR14_4047",0,0,0,0,0,38.56674085,0,0,"BC","BC","BC","recruit","died","AD"
"FR14","FR14_4048",0,0,0,0,0,113.85749878,44.04599029,0,"BC","BC","BC","recruit","alive","died"
"FR14","FR14_4053",0,0,0,0,0,3.97897876,0,0,"BC","BC","BC","recruit","died","AD"
"FR14","FR14_4055",0,0,0,0,0,48.64464607,0,0,"BC","BC","BC","recruit","died","AD"
"FR14","FR14_4056",0,0,0,0,0,39.15380329,0,0,"BC","BC","BC","recruit","died","AD"
"FR14","FR14_4058",0,0,0,0,0,20.75918017,0,0,"BC","BC","BC","recruit","died","AD"
"FR14","FR14_4059",0,0,0,0,0,21.77023215,0,0,"BC","BC","BC","recruit","died","AD"
"FR14","FR14_4060",0,0,0,0,0,57.35273893,0,0,"BC","BC","BC","recruit","died","AD"
"FR14","FR14_4069",0,0,0,0,0,5.47924944,0,0,"BC","BC","BC","recruit","died","AD"
"FR14","FR14_4072",0,0,0,0,0,7.27305134,112.76491035,0,"BC","BC","BC","recruit","alive","died"
"FR14","FR14_4087",0,0,0,0,0,468.31275422,111.67232192,0,"BC","BC","BC","recruit","alive","died"
"FR14","FR14_4106",0,0,0,0,0,4301.96094574,688.64054941,0,"BC","BC","BC","recruit","alive","died"
"FR14","FR14_4112",0,0,0,0,0,64.38118092,0,0,"BC","BC","BC","recruit","died","AD"
"FR14","FR14_4113",0,0,0,0,0,31.66875718,0,0,"BC","BC","BC","recruit","died","AD"
"FR14","FR14_4118",0,0,0,0,0,27.05379411,17.59556591,0,"BC","BC","BC","recruit","alive","died"
"FR14","FR14_4126",0,0,0,0,0,20.40041979,8.57763454,0,"BC","BC","BC","recruit","alive","died"
"FR14","FR14_4152",0,0,0,0,0,117.77124838,0,0,"BC","BC","BC","recruit","died","AD"
"FR14","FR14_4155",0,0,0,0,0,19.2426022,0,0,"BC","BC","BC","recruit","died","AD"
"FR14","FR14_4159",0,0,0,0,0,83.94992892,0,0,"BC","BC","BC","recruit","died","AD"
"FR14","FR14_4164",0,0,0,0,0,12.49138414,0,0,"BC","BC","BC","recruit","died","AD"
"FR14","FR14_4166",0,0,0,0,0,25.66767446,0,0,"BC","BC","BC","recruit","died","AD"
"FR14","FR14_4172",0,0,0,0,0,5.59340047,0,0,"BC","BC","BC","recruit","died","AD"
"FR14","FR14_4175",0,0,0,0,0,4.17466624,0,0,"BC","BC","BC","recruit","died","AD"
"FR14","FR14_4176",0,0,0,0,0,3.88113502,0,0,"BC","BC","BC","recruit","died","AD"
"FR14","FR14_4178",0,0,0,0,0,392.22293908,583.01823208,0,"BC","BC","BC","recruit","alive","died"
"FR14","FR14_4194",0,0,0,0,0,50.99289583,13.8611965,0,"BC","BC","BC","recruit","alive","died"
"FR14","FR14_4199",0,0,0,0,0,132.18689274,171.53638351,0,"BC","BC","BC","recruit","alive","died"
"FR14","FR14_4204",0,0,0,0,0,43.24693308,0,0,"BC","BC","BC","recruit","died","AD"
"FR14","FR14_4224",0,0,0,0,0,326.17841458,71.93145619,0,"BC","BC","BC","recruit","alive","died"
"FR14","FR14_4225",0,0,0,0,0,32.67980916,60.71204067,0,"BC","BC","BC","recruit","alive","died"
"FR14","FR14_4230",0,0,0,0,0,25.89597652,0,0,"BC","BC","BC","recruit","died","AD"
"FR14","FR14_4237",0,0,0,0,0,249.06124017,0,0,"BC","BC","BC","recruit","died","AD"
"FR14","FR14_4245",0,0,0,0,0,407.04626569,245.53886553,0,"BC","BC","BC","recruit","alive","died"
"FR14","FR14_4264",0,0,0,0,0,229.72079423,256.56259357,0,"BC","BC","BC","recruit","alive","died"
"FR14","FR14_4279",0,0,0,0,0,30.983851,0,0,"BC","BC","BC","recruit","died","AD"
"FR14","FR14_4280",0,0,0,0,0,11.9043217,0,0,"BC","BC","BC","recruit","died","AD"
"FR14","FR14_4281",0,0,0,0,0,30.8207781,139.05226183,0,"BC","BC","BC","recruit","alive","died"
"FR14","FR14_4285",0,0,0,0,0,19.09583659,0,0,"BC","BC","BC","recruit","died","AD"
"FR14","FR14_4288",0,0,0,0,0,44.55151628,0,0,"BC","BC","BC","recruit","died","AD"
"FR14","FR14_4290",0,0,0,0,0,27.28209617,0,0,"BC","BC","BC","recruit","died","AD"
"FR14","FR14_4303",0,0,0,0,0,268.35276424,0,0,"BC","BC","BC","recruit","died","AD"
"FR14","FR14_4305",0,0,0,0,0,329.60294548,103.3882186,0,"BC","BC","BC","recruit","alive","died"
"FR14","FR14_4312",0,0,0,0,0,50.68305732,0,0,"BC","BC","BC","recruit","died","AD"
"FR14","FR14_4316",0,0,0,0,0,5.78908795,0,0,"BC","BC","BC","recruit","died","AD"
"FR14","FR14_4319",0,0,0,0,0,183.37547605,0,0,"BC","BC","BC","recruit","died","AD"
"FR14","FR14_4321",0,0,0,0,0,21.60715925,0,0,"BC","BC","BC","recruit","died","AD"
"FR14","FR14_4322",0,0,0,0,0,22.84651329,0,0,"BC","BC","BC","recruit","died","AD"
"FR14","FR14_4325",0,0,0,0,0,10.17574896,0,0,"BC","BC","BC","recruit","died","AD"
"FR14","FR14_4327",0,0,0,0,0,27.83654403,13.91011837,0,"BC","BC","BC","recruit","alive","died"
"FR14","FR14_4328",0,0,0,0,0,34.32684545,12.99691013,0,"BC","BC","BC","recruit","alive","died"
"FR14","FR14_4330",0,0,0,0,0,37.9959857,0,0,"BC","BC","BC","recruit","died","AD"
"FR14","FR14_4333",0,0,0,0,0,81.35706981,0,0,"BC","BC","BC","recruit","died","AD"
"FR14","FR14_4337",0,0,0,0,0,4.38666101,0,0,"BC","BC","BC","recruit","died","AD"
"FR14","FR14_4340",0,0,0,0,0,15.55715466,0,0,"BC","BC","BC","recruit","died","AD"
"FR14","FR14_4343",0,0,0,0,0,8194.80459996,4924.78527271,0,"BC","BC","BC","recruit","alive","died"
"FR14","FR14_4344",0,0,0,0,0,69.72997204,101.79010418,0,"BC","BC","BC","recruit","alive","died"
"FR14","FR14_4348",0,0,0,0,0,11.59448319,0,0,"BC","BC","BC","recruit","died","AD"
"FR14","FR14_4351",0,0,0,0,0,118.52138372,0,0,"BC","BC","BC","recruit","died","AD"
"FR14","FR14_4354",0,0,0,0,0,823.38768668,232.26473147,0,"BC","BC","BC","recruit","alive","died"
"FR14","FR14_4375",0,0,0,0,0,8.28410332,14.52979539,0,"BC","BC","BC","recruit","alive","died"
"FR14","FR14_4381",0,0,0,0,0,30.57616875,0,0,"BC","BC","BC","recruit","died","AD"
"FR14","FR14_4383",0,0,0,0,0,11.2520301,16.58451393,0,"BC","BC","BC","recruit","alive","died"
"FR14","FR14_4389",0,0,0,0,0,8.16995229,41.35528744,0,"BC","BC","BC","recruit","alive","died"
"FR14","FR14_4390",0,0,0,0,0,318.08999874,169.31859207,0,"BC","BC","BC","recruit","alive","died"
"FR14","FR14_4393",0,0,0,0,0,42.49679774,0,0,"BC","BC","BC","recruit","died","AD"
"FR14","FR14_4412",0,0,0,0,0,75.38860167,0,0,"BC","BC","BC","recruit","died","AD"
"FR14","FR14_4423",0,0,0,0,0,68.84937838,0,0,"BC","BC","BC","recruit","died","AD"
"FR14","FR14_4434",0,0,0,0,0,153.25591142,71.76838329,0,"BC","BC","BC","recruit","alive","died"
"FR14","FR14_4436",0,0,0,0,0,85.38497044,181.27183564,0,"BC","BC","BC","recruit","alive","died"
"FR14","FR14_4439",0,0,0,0,0,28.40729918,0,0,"BC","BC","BC","recruit","died","AD"
"FR14","FR14_4440",0,0,0,0,0,4.892187,6.89798367,0,"BC","BC","BC","recruit","alive","died"
"FR14","FR14_4441",0,0,0,0,0,13.45351425,0,0,"BC","BC","BC","recruit","died","AD"
"FR14","FR14_4446",0,0,0,0,0,34.60406938,0,0,"BC","BC","BC","recruit","died","AD"
"FR14","FR14_4448",0,0,0,0,0,101.9205625,26.07535671,0,"BC","BC","BC","recruit","alive","died"
"FR14","FR14_4449",0,0,0,0,0,6.37615039,6.53922329,0,"BC","BC","BC","recruit","alive","died"
"FR14","FR14_4451",0,0,0,0,0,5.34879112,6.40876497,0,"BC","BC","BC","recruit","alive","died"
"FR14","FR14_4452",0,0,0,0,0,5090.19011518,452.96759433,0,"BC","BC","BC","recruit","alive","died"
"FR14","FR14_4453",0,0,0,0,0,39.18641787,0,0,"BC","BC","BC","recruit","died","AD"
"FR14","FR14_4455",0,0,0,0,0,1306.13239255,1316.9767404,0,"BC","BC","BC","recruit","alive","died"
"FR14","FR14_4457",0,0,0,0,0,14.38302978,0,0,"BC","BC","BC","recruit","died","AD"
"FR14","FR14_4458",0,0,0,0,0,209.72805669,71.88253432,0,"BC","BC","BC","recruit","alive","died"
"FR14","FR14_4462",0,0,0,0,0,9.57237923,0,0,"BC","BC","BC","recruit","died","AD"
"FR14","FR14_4464",0,0,0,0,0,96.44131306,6.42507226,0,"BC","BC","BC","recruit","alive","died"
"FR14","FR14_4471",0,0,0,0,0,765.9534113,0,0,"BC","BC","BC","recruit","died","AD"
"FR14","FR14_4474",0,0,0,0,0,71.14870627,0,0,"BC","BC","BC","recruit","died","AD"
"FR14","FR14_4481",0,0,0,0,0,331.73920047,204.29772912,0,"BC","BC","BC","recruit","alive","died"
"FR14","FR14_4489",0,0,0,0,0,133.54039781,0,0,"BC","BC","BC","recruit","died","AD"
"FR14","FR14_4495",0,0,0,0,0,2129.65053755,2091.19794773,0,"BC","BC","BC","recruit","alive","died"
"FR14","FR14_4504",0,0,0,0,0,103.89374459,0,0,"BC","BC","BC","recruit","died","AD"
"FR14","FR14_4511",0,0,0,0,0,27.02117953,0,0,"BC","BC","BC","recruit","died","AD"
"FR14","FR14_4513",0,0,0,0,0,4795.10970263,4286.40379108,0,"BC","BC","BC","recruit","alive","died"
"FR14","FR14_4515",0,0,0,0,0,6.1967702,0,0,"BC","BC","BC","recruit","died","AD"
"FR14","FR14_4523",0,0,0,0,0,75.25814335,0,0,"BC","BC","BC","recruit","died","AD"
"FR14","FR14_4525",0,0,0,0,0,149.42369827,0,0,"BC","BC","BC","recruit","died","AD"
"FR14","FR14_4526",0,0,0,0,0,3.22884342,0,0,"BC","BC","BC","recruit","died","AD"
"FR14","FR14_4528",0,0,0,0,0,43.52415701,0,0,"BC","BC","BC","recruit","died","AD"
"FR14","FR14_4529",0,0,0,0,0,47.51944306,0,0,"BC","BC","BC","recruit","died","AD"
"FR14","FR14_4530",0,0,0,0,0,178.12452867,0,0,"BC","BC","BC","recruit","died","AD"
"FR14","FR14_4532",0,0,0,0,0,7.04474928,0,0,"BC","BC","BC","recruit","died","AD"
"FR14","FR14_4536",0,0,0,0,0,1.32089049,0,0,"BC","BC","BC","recruit","died","AD"
"FR14","FR14_4539",0,0,0,0,0,1.12520301,0,0,"BC","BC","BC","recruit","died","AD"
"FR14","FR14_4540",0,0,0,0,0,15.37777447,0,0,"BC","BC","BC","recruit","died","AD"
"FR14","FR14_4547",0,0,0,0,0,214.78331659,0,0,"BC","BC","BC","recruit","died","AD"
"FR14","FR14_4549",0,0,0,0,0,801.68268369,228.00852878,0,"BC","BC","BC","recruit","alive","died"
"FR14","FR14_4551",0,0,0,0,0,237.22214763,127.34362761,0,"BC","BC","BC","recruit","alive","died"
"FR14","FR14_4553",0,0,0,0,0,9.9474469,0,0,"BC","BC","BC","recruit","died","AD"
"FR14","FR14_4555",0,0,0,0,0,17.87278984,0,0,"BC","BC","BC","recruit","died","AD"
"FR14","FR14_4557",0,0,0,0,0,146.84714645,0,0,"BC","BC","BC","recruit","died","AD"
"FR14","FR14_4603",0,0,0,0,0,9.9474469,0,0,"BC","BC","BC","recruit","died","AD"
"FR14","FR14_4693",0,0,0,0,0,0,14.95378493,0,"BC","BC","BC","BC","recruit","died"
"FR14","FR14_4697",0,0,0,0,0,0,88.92365237,0,"BC","BC","BC","BC","recruit","died"
"FR14","FR14_4700",0,0,0,0,0,0,241.60880864,0,"BC","BC","BC","BC","recruit","died"
"FR14","FR14_4703",0,0,0,0,0,0,3.71806212,0,"BC","BC","BC","BC","recruit","died"
"FR14","FR14_4730",0,0,0,0,0,0,211.81538981,0,"BC","BC","BC","BC","recruit","died"
"FR14","FR14_4734",0,0,0,0,0,0,68.55584716,0,"BC","BC","BC","BC","recruit","died"
"FR14","FR14_4746",0,0,0,0,0,0,82.5148874,0,"BC","BC","BC","BC","recruit","died"
"FR14","FR14_4749",0,0,0,0,0,0,31.75029363,0,"BC","BC","BC","BC","recruit","died"
"FR14","FR14_4754",0,0,0,0,0,0,8.49609809,0,"BC","BC","BC","BC","recruit","died"
"FR14","FR14_4762",0,0,0,0,0,0,236.19478836,0,"BC","BC","BC","BC","recruit","died"
"FR14","FR14_4767",0,0,0,0,0,0,4.5660412,0,"BC","BC","BC","BC","recruit","died"
"FR14","FR14_4772",0,0,0,0,0,0,3.48976006,0,"BC","BC","BC","BC","recruit","died"
"FR14","FR14_4778",0,0,0,0,0,0,8.25148874,0,"BC","BC","BC","BC","recruit","died"
"FR14","FR14_4787",0,0,0,0,0,0,17.09003992,0,"BC","BC","BC","BC","recruit","died"
"FR14","FR14_4818",0,0,0,0,0,0,41.76296969,0,"BC","BC","BC","BC","recruit","died"
"FR14","FR14_4822",0,0,0,0,0,0,38.38736066,0,"BC","BC","BC","BC","recruit","died"
"FR14","FR14_4834",0,0,0,0,0,0,209.80959314,0,"BC","BC","BC","BC","recruit","died"
"FR14","FR14_4844",0,0,0,0,0,0,22.52036749,0,"BC","BC","BC","BC","recruit","died"
"FR14","FR14_4892",0,0,0,0,0,0,3.06577052,0,"BC","BC","BC","BC","recruit","died"
"FR14","FR14_4894",0,0,0,0,0,0,27.91808048,0,"BC","BC","BC","BC","recruit","died"
"FR14","FR14_4898",0,0,0,0,0,0,12.60553517,0,"BC","BC","BC","BC","recruit","died"
"FR14","FR14_4921",0,0,0,0,0,0,69.94196681,0,"BC","BC","BC","BC","recruit","died"
"FR14","FR14_4922",0,0,0,0,0,0,26.5808827,0,"BC","BC","BC","BC","recruit","died"
"FR14","FR14_4925",0,0,0,0,0,0,55.46109329,0,"BC","BC","BC","BC","recruit","died"
"FR14","FR14_4931",0,0,0,0,0,0,15.8180713,0,"BC","BC","BC","BC","recruit","died"
"FR14","FR14_4932",0,0,0,0,0,0,11.61079048,0,"BC","BC","BC","BC","recruit","died"
"FR14","FR14_4960",0,0,0,0,0,0,12.8827591,0,"BC","BC","BC","BC","recruit","died"
"FR14","FR14_4966",0,0,0,0,0,0,10.5997385,0,"BC","BC","BC","BC","recruit","died"
"FR14","FR14_4979",0,0,0,0,0,0,479.30386768,0,"BC","BC","BC","BC","recruit","died"
"FR14","FR14_4990",0,0,0,0,0,0,27.64085655,0,"BC","BC","BC","BC","recruit","died"
"FR14","FR14_4992",0,0,0,0,0,0,23.93910172,0,"BC","BC","BC","BC","recruit","died"
"FR14","FR14_4998",0,0,0,0,0,0,21.99853421,0,"BC","BC","BC","BC","recruit","died"
"FR14","FR14_5017",0,0,0,0,0,0,208.97792135,0,"BC","BC","BC","BC","recruit","died"
"FR14","FR14_5018",0,0,0,0,0,0,6.14784833,0,"BC","BC","BC","BC","recruit","died"
"FR14","FR14_5019",0,0,0,0,0,0,9.31146259,0,"BC","BC","BC","BC","recruit","died"
"FR14","FR14_5078",0,0,0,0,0,0,103.07838009,0,"BC","BC","BC","BC","recruit","died"
"FR14","FR14_5082",0,0,0,0,0,0,95.0715007,0,"BC","BC","BC","BC","recruit","died"
"FR14","FR14_5105",0,0,0,0,0,0,13.66550902,0,"BC","BC","BC","BC","recruit","died"
"FR14","FR14_5106",0,0,0,0,0,0,4.43558288,0,"BC","BC","BC","BC","recruit","died"
"FR14","FR14_5107",0,0,0,0,0,0,15.75284214,0,"BC","BC","BC","BC","recruit","died"
"FR14","FR14_5108",0,0,0,0,0,0,16.58451393,0,"BC","BC","BC","BC","recruit","died"
"FR14","FR14_5112",0,0,0,0,0,0,9.9474469,0,"BC","BC","BC","BC","recruit","died"
"FR14","FR14_5113",0,0,0,0,0,0,39.21903245,0,"BC","BC","BC","BC","recruit","died"
"FR14","FR14_5121",0,0,0,0,0,0,539.98329377,0,"BC","BC","BC","BC","recruit","died"
"FR14","FR14_5129",0,0,0,0,0,0,9.91483232,0,"BC","BC","BC","BC","recruit","died"
"FR14","FR14_5131",0,0,0,0,0,0,23.14004451,0,"BC","BC","BC","BC","recruit","died"
"FR14","FR14_5145",0,0,0,0,0,0,26.33627335,0,"BC","BC","BC","BC","recruit","died"
"FR14","FR14_5152",0,0,0,0,0,0,27.0701014,0,"BC","BC","BC","BC","recruit","died"
"FR14","FR14_5157",0,0,0,0,0,0,136.94862142,0,"BC","BC","BC","BC","recruit","died"
"FR14","FR14_5158",0,0,0,0,0,0,106.24199435,0,"BC","BC","BC","BC","recruit","died"
"FR14","FR14_5159",0,0,0,0,0,0,10.71388953,0,"BC","BC","BC","BC","recruit","died"
"FR14","FR14_5167",0,0,0,0,0,0,29.17374181,0,"BC","BC","BC","BC","recruit","died"
"FR14","FR14_5211",0,0,0,0,0,0,89.51071481,0,"BC","BC","BC","BC","recruit","died"
"FR14","FR14_5214",0,0,0,0,0,0,95.44656837,0,"BC","BC","BC","BC","recruit","died"
"FR14","FR14_5228",0,0,0,0,0,0,83.02041339,0,"BC","BC","BC","BC","recruit","died"
"FR14","FR14_5229",0,0,0,0,0,0,50.42214068,0,"BC","BC","BC","BC","recruit","died"
"FR14","FR14_5251",0,0,0,0,0,0,17.49772217,0,"BC","BC","BC","BC","recruit","died"
"FR14","FR14_5253",0,0,0,0,0,0,216.90326429,0,"BC","BC","BC","BC","recruit","died"
"FR14","FR14_5257",0,0,0,0,0,0,8.46348351,0,"BC","BC","BC","BC","recruit","died"
"FR14","FR14_5258",0,0,0,0,0,0,43.81768823,0,"BC","BC","BC","BC","recruit","died"
"FR14","FR14_5259",0,0,0,0,0,0,4.68019223,0,"BC","BC","BC","BC","recruit","died"
"FR14","FR14_5261",0,0,0,0,0,0,8.98531679,0,"BC","BC","BC","BC","recruit","died"
"FR14","FR14_5262",0,0,0,0,0,0,4.87587971,0,"BC","BC","BC","BC","recruit","died"
"FR14","FR14_5274",0,0,0,0,0,0,7.0121347,0,"BC","BC","BC","BC","recruit","died"
"FR14","FR14_5275",0,0,0,0,0,0,13.84488921,0,"BC","BC","BC","BC","recruit","died"
"FR14","FR14_5276",0,0,0,0,0,0,15.05162867,0,"BC","BC","BC","BC","recruit","died"
"FR14","FR14_5277",0,0,0,0,0,0,67.95247743,0,"BC","BC","BC","BC","recruit","died"
"FR14","FR14_5278",0,0,0,0,0,0,16.4703629,0,"BC","BC","BC","BC","recruit","died"
"FR14","FR14_5279",0,0,0,0,0,0,8.85485847,0,"BC","BC","BC","BC","recruit","died"
"FR14","FR14_5282",0,0,0,0,0,0,3.39191632,0,"BC","BC","BC","BC","recruit","died"
"FR14","FR14_5285",0,0,0,0,0,0,6.1967702,0,"BC","BC","BC","BC","recruit","died"
"FR14","FR14_5301",0,0,0,0,0,0,9.96375419,0,"BC","BC","BC","BC","recruit","died"
"FR14","FR14_5370",0,0,0,0,0,0,125.566133,0,"BC","BC","BC","BC","recruit","died"
"FR14","FR14_5385",0,0,0,0,0,0,19.568748,0,"BC","BC","BC","BC","recruit","died"
"FR14","FR14_5386",0,0,0,0,0,0,35.19113182,0,"BC","BC","BC","BC","recruit","died"
"FR14","FR14_5435",0,0,0,0,0,0,214.2777906,0,"BC","BC","BC","BC","recruit","died"
"FR14","FR14_5436",0,0,0,0,0,0,10.73019682,0,"BC","BC","BC","BC","recruit","died"
"FR14","FR14_5437",0,0,0,0,0,0,10.2735927,0,"BC","BC","BC","BC","recruit","died"
"FR14","FR14_5462",0,0,0,0,0,0,124.71815392,0,"BC","BC","BC","BC","recruit","died"
"FR14","FR14_5470",0,0,0,0,0,0,16.30729,0,"BC","BC","BC","BC","recruit","died"
"FR14","FR14_5471",0,0,0,0,0,0,15.18208699,0,"BC","BC","BC","BC","recruit","died"
"FR14","FR14_5472",0,0,0,0,0,0,66.06083179,0,"BC","BC","BC","BC","recruit","died"
"FR14","FR14_5475",0,0,0,0,0,0,26.7439556,0,"BC","BC","BC","BC","recruit","died"
"FR14","FR14_5485",0,0,0,0,0,0,34.60406938,0,"BC","BC","BC","BC","recruit","died"
"FR14","FR14_5492",0,0,0,0,0,0,5.03895261,0,"BC","BC","BC","BC","recruit","died"
"FR14","FR14_5493",0,0,0,0,0,0,15.08424325,0,"BC","BC","BC","BC","recruit","died"
"FR14","FR14_5494",0,0,0,0,0,0,44.92658395,0,"BC","BC","BC","BC","recruit","died"
"FR14","FR14_5508",0,0,0,0,0,0,3.21253613,0,"BC","BC","BC","BC","recruit","died"
"FR14","FR14_5509",0,0,0,0,0,0,8.07210855,0,"BC","BC","BC","BC","recruit","died"
"FR14","FR14_5549",0,0,0,0,0,0,7.24043676,0,"BC","BC","BC","BC","recruit","died"
"FR14","FR14_5553",0,0,0,0,0,0,80.81892924,0,"BC","BC","BC","BC","recruit","died"
"FR14","FR14_5554",0,0,0,0,0,0,154.49526546,0,"BC","BC","BC","BC","recruit","died"
"FR14","FR14_5556",0,0,0,0,0,0,71.73576871,0,"BC","BC","BC","BC","recruit","died"
"FR14","FR14_5631",0,0,0,0,0,0,9.9474469,0,"BC","BC","BC","BC","recruit","died"
"FR14","FR14_5632",0,0,0,0,0,0,2.42978621,0,"BC","BC","BC","BC","recruit","died"
"FR14","FR14_5633",0,0,0,0,0,0,7.30566592,0,"BC","BC","BC","BC","recruit","died"
"FR14","FR14_5634",0,0,0,0,0,0,44.86135479,0,"BC","BC","BC","BC","recruit","died"
"FR14","FR14_5642",0,0,0,0,0,0,10.74650411,0,"BC","BC","BC","BC","recruit","died"
"FR14","FR14_5643",0,0,0,0,0,0,16.04637336,0,"BC","BC","BC","BC","recruit","died"
"FR14","FR14_5644",0,0,0,0,0,0,32.63088729,0,"BC","BC","BC","BC","recruit","died"
"FR14","FR14_5652",0,0,0,0,0,0,7.55027527,0,"BC","BC","BC","BC","recruit","died"
"FR14","FR14_5653",0,0,0,0,0,0,47.20960455,0,"BC","BC","BC","BC","recruit","died"
"FR14","FR14_5654",0,0,0,0,0,0,4.19097353,0,"BC","BC","BC","BC","recruit","died"
"FR14","FR14_5655",0,0,0,0,0,0,3.17992155,0,"BC","BC","BC","BC","recruit","died"
"FR14","FR14_5659",0,0,0,0,0,0,85.36866315,0,"BC","BC","BC","BC","recruit","died"
"FR14","FR14_5660",0,0,0,0,0,0,8.21887416,0,"BC","BC","BC","BC","recruit","died"
"FR14","FR14_5661",0,0,0,0,0,0,14.12211314,0,"BC","BC","BC","BC","recruit","died"
"FR14","FR14_5670",0,0,0,0,0,0,21.0364041,0,"BC","BC","BC","BC","recruit","died"
"FR14","FR14_5671",0,0,0,0,0,0,32.66350187,0,"BC","BC","BC","BC","recruit","died"
"FR14","FR14_5684",0,0,0,0,0,0,3.78329128,0,"BC","BC","BC","BC","recruit","died"
"FR14","FR14_5729",0,0,0,0,0,0,228.67712767,0,"BC","BC","BC","BC","recruit","died"
"FR14","FR14_5734",0,0,0,0,0,0,49.11755748,0,"BC","BC","BC","BC","recruit","died"
"FR14","FR14_5735",0,0,0,0,0,0,5.10418177,0,"BC","BC","BC","BC","recruit","died"
"FR14","FR14_5738",0,0,0,0,0,0,116.90696201,0,"BC","BC","BC","BC","recruit","died"
"FR14","FR14_5739",0,0,0,0,0,0,30.21740837,0,"BC","BC","BC","BC","recruit","died"
"FR14","FR14_5747",0,0,0,0,0,0,43.60569346,0,"BC","BC","BC","BC","recruit","died"
"FR14","FR14_5748",0,0,0,0,0,0,72.55113321,0,"BC","BC","BC","BC","recruit","died"
"FR14","FR14_5749",0,0,0,0,0,0,20.43303437,0,"BC","BC","BC","BC","recruit","died"
"FR14","FR14_5750",0,0,0,0,0,0,3.73436941,0,"BC","BC","BC","BC","recruit","died"
"FR14","FR14_5751",0,0,0,0,0,0,2.33194247,0,"BC","BC","BC","BC","recruit","died"
"FR14","FR14_5757",0,0,0,0,0,0,170.49271695,0,"BC","BC","BC","BC","recruit","died"
"FR14","FR14_5768",0,0,0,0,0,0,93.78322479,0,"BC","BC","BC","BC","recruit","died"
"FR14","FR14_5777",0,0,0,0,0,0,11.87170712,0,"BC","BC","BC","BC","recruit","died"
"FR14","FR14_5789",0,0,0,0,0,0,6.09892646,0,"BC","BC","BC","BC","recruit","died"
"FR14","FR14_5806",0,0,0,0,0,0,29.89126257,0,"BC","BC","BC","BC","recruit","died"
"FR14","FR14_5828",0,0,0,0,0,0,7.27305134,0,"BC","BC","BC","BC","recruit","died"
"FR14","FR14_5836",0,0,0,0,0,0,18.47615957,0,"BC","BC","BC","BC","recruit","died"
"FR14","FR14_5840",0,0,0,0,0,0,116.45035789,0,"BC","BC","BC","BC","recruit","died"
"FR14","FR14_5857",0,0,0,0,0,0,10.99111346,0,"BC","BC","BC","BC","recruit","died"
"FR14","FR14_5867",0,0,0,0,0,0,50.21014591,0,"BC","BC","BC","BC","recruit","died"
"FR14","FR14_5869",0,0,0,0,0,0,179.78787225,0,"BC","BC","BC","BC","recruit","died"
"FR14","FR14_5874",0,0,0,0,0,0,10.86065514,0,"BC","BC","BC","BC","recruit","died"
"FR14","FR14_5878",0,0,0,0,0,0,13.68181631,0,"BC","BC","BC","BC","recruit","died"
"FR14","FR14_5879",0,0,0,0,0,0,92.1361885,0,"BC","BC","BC","BC","recruit","died"
"FR14","FR14_5881",0,0,0,0,0,0,184.06038223,0,"BC","BC","BC","BC","recruit","died"
"FR36","FR36_1009",1009,305.975927702007,0,0,305.975927702007,0,0,0,"BC","BC","recruit","AD","AD","AD"
"FR36","FR36_1012",1012,16.187911312995,0,0,16.187911312995,0,0,0,"BC","BC","recruit","AD","AD","AD"
"FR36","FR36_1014",1014,2.521734928155,0,0,2.521734928155,0,0,0,"BC","BC","recruit","AD","AD","AD"
"FR36","FR36_1015",1015,1891.96823567789,0,0,1891.96823567789,0,0,0,"BC","BC","recruit","AD","AD","AD"
"FR36","FR36_1016",1016,96.379082028324,0,0,96.379082028324,0,0,0,"BC","BC","recruit","AD","AD","AD"
"FR36","FR36_1022",1022,28.666431892962,0,0,28.666431892962,0,0,0,"BC","BC","recruit","AD","AD","AD"
"FR36","FR36_1027",1027,53.997665977719,0,0,53.997665977719,0,0,0,"BC","BC","recruit","AD","AD","AD"
"FR36","FR36_1038",1038,101.68286000625,0,0,101.68286000625,0,0,0,"BC","BC","recruit","AD","AD","AD"
"FR36","FR36_1059",1059,242.786131179723,0,0,242.786131179723,0,0,0,"BC","BC","recruit","AD","AD","AD"
"FR36","FR36_1060",1060,49.865274547065,0,0,49.865274547065,0,0,0,"BC","BC","recruit","AD","AD","AD"
"FR36","FR36_1095",1095,143.136928373598,0,0,143.136928373598,0,0,0,"BC","BC","recruit","AD","AD","AD"
"FR36","FR36_1100",1100,100.999551187008,0,0,100.999551187008,0,0,0,"BC","BC","recruit","AD","AD","AD"
"FR36","FR36_1124",1124,1485.54591154731,0,0,1485.54591154731,0,0,0,"BC","BC","recruit","AD","AD","AD"
"FR36","FR36_1129",1129,473.419126931499,0,0,473.419126931499,0,0,0,"BC","BC","recruit","AD","AD","AD"
"FR36","FR36_1136",1136,38.249024619951,0,0,38.249024619951,0,0,0,"BC","BC","recruit","AD","AD","AD"
"FR36","FR36_1140",1140,40.233874047273,0,0,40.233874047273,0,0,0,"BC","BC","recruit","AD","AD","AD"
"FR36","FR36_1150",1150,51.638623625574,0,0,51.638623625574,0,0,0,"BC","BC","recruit","AD","AD","AD"
"FR36","FR36_1157",1157,62.701718794254,0,0,62.701718794254,0,0,0,"BC","BC","recruit","AD","AD","AD"
"FR36","FR36_1174",1174,326.279961188055,0,0,326.279961188055,0,0,0,"BC","BC","recruit","AD","AD","AD"
"FR36","FR36_1189",1189,304.365271199508,0,0,304.365271199508,0,0,0,"BC","BC","recruit","AD","AD","AD"
"FR36","FR36_1201",1201,45.082112812371,0,0,45.082112812371,0,0,0,"BC","BC","recruit","AD","AD","AD"
"FR36","FR36_354",0,0,0,36.849868466265,47.01815446689,0,0,35.597135630988,"BC","BC","BC","BC","BC","recruit"
"FR36","FR36_491",491,307.554045689304,0,0,307.554045689304,0,0,0,"BC","BC","recruit","AD","AD","AD"
"FR36","FR36_505",505,8.020743997293,0,0,8.020743997293,0,0,0,"BC","BC","recruit","AD","AD","AD"
"FR36","FR36_508",508,7.418781466056,0,0,7.418781466056,0,0,0,"BC","BC","recruit","AD","AD","AD"
"FR36","FR36_519",519,1061.03217296442,0,0,1061.03217296442,0,0,0,"BC","BC","recruit","AD","AD","AD"
"FR36","FR36_520",520,342.63056507706,0,0,342.63056507706,0,0,0,"BC","BC","recruit","AD","AD","AD"
"FR36","FR36_530",530,126.851401514997,0,0,126.851401514997,0,0,0,"BC","BC","recruit","AD","AD","AD"
"FR36","FR36_531",531,100.576550489382,0,0,100.576550489382,0,0,0,"BC","BC","recruit","AD","AD","AD"
"FR36","FR36_537",537,24.745540811121,0,0,24.745540811121,0,0,0,"BC","BC","recruit","AD","AD","AD"
"FR36","FR36_552",552,189.325350702837,0,0,189.325350702837,0,0,0,"BC","BC","recruit","AD","AD","AD"
"FR36","FR36_559",559,29.544971803416,0,0,29.544971803416,0,0,0,"BC","BC","recruit","AD","AD","AD"
"FR36","FR36_563",563,1347.40364525722,0,0,1347.40364525722,0,0,0,"BC","BC","recruit","AD","AD","AD"
"FR36","FR36_569",569,9.403630893378,0,0,9.403630893378,0,0,0,"BC","BC","recruit","AD","AD","AD"
"FR36","FR36_571",571,9.289746090171,0,0,9.289746090171,0,0,0,"BC","BC","recruit","AD","AD","AD"
"FR36","FR36_575",575,5.417662781133,0,0,5.417662781133,0,0,0,"BC","BC","recruit","AD","AD","AD"
"FR36","FR36_589",589,19.474301348397,0,0,19.474301348397,0,0,0,"BC","BC","recruit","AD","AD","AD"
"FR36","FR36_593",593,32.668669262808,0,0,32.668669262808,0,0,0,"BC","BC","recruit","AD","AD","AD"
"FR36","FR36_598",598,8.899283907747,0,0,8.899283907747,0,0,0,"BC","BC","recruit","AD","AD","AD"
"FR36","FR36_600",600,67.045610573721,0,0,67.045610573721,0,0,0,"BC","BC","recruit","AD","AD","AD"
"FR36","FR36_620",620,329.842928602674,0,0,329.842928602674,0,0,0,"BC","BC","recruit","AD","AD","AD"
"FR36","FR36_649",649,130.463176702419,0,0,130.463176702419,0,0,0,"BC","BC","recruit","AD","AD","AD"
"FR36","FR36_654",654,975.699916847172,0,0,975.699916847172,0,0,0,"BC","BC","recruit","AD","AD","AD"
"FR36","FR36_676",676,3.026081913786,0,0,3.026081913786,0,0,0,"BC","BC","recruit","AD","AD","AD"
"FR36","FR36_681",681,886.99992440652,0,0,886.99992440652,0,0,0,"BC","BC","recruit","AD","AD","AD"
"FR36","FR36_700",700,61.107331549356,0,0,61.107331549356,0,0,0,"BC","BC","recruit","AD","AD","AD"
"FR36","FR36_704",704,4291.96030920461,0,0,4291.96030920461,0,0,0,"BC","BC","recruit","AD","AD","AD"
"FR36","FR36_719",719,261.463238905671,0,0,261.463238905671,0,0,0,"BC","BC","recruit","AD","AD","AD"
"FR36","FR36_726",726,82.143481627449,0,0,82.143481627449,0,0,0,"BC","BC","recruit","AD","AD","AD"
"FR36","FR36_738",738,193.539088421496,0,0,193.539088421496,0,0,0,"BC","BC","recruit","AD","AD","AD"
"FR36","FR36_793",793,114.014957267808,0,0,114.014957267808,0,0,0,"BC","BC","recruit","AD","AD","AD"
"FR36","FR36_799",799,994.669871209938,0,0,994.669871209938,0,0,0,"BC","BC","recruit","AD","AD","AD"
"FR36","FR36_800",800,67.582496074554,0,0,67.582496074554,0,0,0,"BC","BC","recruit","AD","AD","AD"
"FR36","FR36_806",806,15.45579472095,0,0,15.45579472095,0,0,0,"BC","BC","recruit","AD","AD","AD"
"FR36","FR36_812",812,25.022118190338,0,0,25.022118190338,0,0,0,"BC","BC","recruit","AD","AD","AD"
"FR36","FR36_817",817,457.019715269691,0,0,457.019715269691,0,0,0,"BC","BC","recruit","AD","AD","AD"
"FR36","FR36_83",83,48.986734636611,0,75.196508631822,48.986734636611,0,0,68.997921485841,"BC","BC","BC","BC","BC","recruit"
"FR36","FR36_844",844,66.183339920868,0,0,66.183339920868,0,0,0,"BC","BC","recruit","AD","AD","AD"
"FR36","FR36_851",851,72.902543310081,0,0,72.902543310081,0,0,0,"BC","BC","recruit","AD","AD","AD"
"FR36","FR36_856",856,9.257207574969,0,0,9.257207574969,0,0,0,"BC","BC","recruit","AD","AD","AD"
"FR36","FR36_857",857,231.804382299048,0,0,231.804382299048,0,0,0,"BC","BC","recruit","AD","AD","AD"
"FR36","FR36_863",863,12.494789837568,0,0,12.494789837568,0,0,0,"BC","BC","recruit","AD","AD","AD"
"FR36","FR36_872",872,58.520519590797,0,0,58.520519590797,0,0,0,"BC","BC","recruit","AD","AD","AD"
"FR36","FR36_892",892,98.380200713247,0,0,98.380200713247,0,0,0,"BC","BC","recruit","AD","AD","AD"
"FR36","FR36_956",956,796.250005508142,0,0,796.250005508142,0,0,0,"BC","BC","recruit","AD","AD","AD"
"FR36","FR36_973",973,109.605988457937,0,0,109.605988457937,0,0,0,"BC","BC","recruit","AD","AD","AD"
"FR39","FR39_1041",1041,192.486198931997,0,0,192.486198931997,0,0,0,"BC","BC","recruit","AD","AD","AD"
"FR39","FR39_1042",1042,160.533260973189,0,0,160.533260973189,0,0,0,"BC","BC","recruit","AD","AD","AD"
"FR39","FR39_846",846,1856.42644921884,0,0,1856.42644921884,0,0,0,"BC","BC","recruit","AD","AD","AD"
"FR39","FR39_847",847,188.430759518596,0,0,188.430759518596,0,0,0,"BC","BC","recruit","AD","AD","AD"
"FR39","FR39_848",848,403.499869055052,0,0,403.499869055052,0,0,0,"BC","BC","recruit","AD","AD","AD"
"FR39","FR39_849",849,15.5185967875682,0,0,15.5185967875682,0,0,0,"BC","BC","recruit","AD","AD","AD"
"FR39","FR39_850",850,15.8783535097246,0,0,15.8783535097246,0,0,0,"BC","BC","recruit","AD","AD","AD"
"FR39","FR39_852",852,82.3679367955541,0,0,82.3679367955541,0,0,0,"BC","BC","recruit","AD","AD","AD"
"FR39","FR39_853",853,18.6582918172974,0,0,18.6582918172974,0,0,0,"BC","BC","recruit","AD","AD","AD"
"FR39","FR39_854",854,47.733175998853,0,0,47.733175998853,0,0,0,"BC","BC","recruit","AD","AD","AD"
"FR39","FR39_859",859,65.4757234324794,0,0,65.4757234324794,0,0,0,"BC","BC","recruit","AD","AD","AD"
"FR39","FR39_864",864,469.793221401523,0,0,469.793221401523,0,0,0,"BC","BC","recruit","AD","AD","AD"
"FR39","FR39_865",865,414.456096502545,0,0,414.456096502545,0,0,0,"BC","BC","recruit","AD","AD","AD"
"FR39","FR39_866",866,1.76607845422272,0,0,1.76607845422272,0,0,0,"BC","BC","recruit","AD","AD","AD"
"FR39","FR39_874",874,53.8163351189534,0,0,53.8163351189534,0,0,0,"BC","BC","recruit","AD","AD","AD"
"FR39","FR39_875",875,22.2885641954219,0,0,22.2885641954219,0,0,0,"BC","BC","recruit","AD","AD","AD"
"FR39","FR39_883",883,3.04157956005024,0,0,3.04157956005024,0,0,0,"BC","BC","recruit","AD","AD","AD"
"FR39","FR39_887",887,1.16103305786864,0,0,1.16103305786864,0,0,0,"BC","BC","recruit","AD","AD","AD"
"FR39","FR39_888",888,636.605872434171,0,0,636.605872434171,0,0,0,"BC","BC","recruit","AD","AD","AD"
"FR39","FR39_889",889,30.6610842747,0,0,30.6610842747,0,0,0,"BC","BC","recruit","AD","AD","AD"
"FR39","FR39_890",890,13.5399348157075,0,0,13.5399348157075,0,0,0,"BC","BC","recruit","AD","AD","AD"
"FR39","FR39_891",891,18.6582918172974,0,0,18.6582918172974,0,0,0,"BC","BC","recruit","AD","AD","AD"
"FR39","FR39_892",892,20.0155558145242,0,0,20.0155558145242,0,0,0,"BC","BC","recruit","AD","AD","AD"
"FR39","FR39_895",895,28.5516016766006,0,0,28.5516016766006,0,0,0,"BC","BC","recruit","AD","AD","AD"
"FR39","FR39_898",898,204.897805846395,0,0,204.897805846395,0,0,0,"BC","BC","recruit","AD","AD","AD"
"FR39","FR39_907",907,107.223855780911,0,0,107.223855780911,0,0,0,"BC","BC","recruit","AD","AD","AD"
"FR39","FR39_909",909,27.079869631415,0,0,27.079869631415,0,0,0,"BC","BC","recruit","AD","AD","AD"
"FR39","FR39_912",912,61.1422901883218,0,0,61.1422901883218,0,0,0,"BC","BC","recruit","AD","AD","AD"
"FR39","FR39_914",914,117.836679084527,0,0,117.836679084527,0,0,0,"BC","BC","recruit","AD","AD","AD"
"FR39","FR39_915",915,2613.46906068403,0,0,2613.46906068403,0,0,0,"BC","BC","recruit","AD","AD","AD"
"FR39","FR39_916",916,29.8761605172677,0,0,29.8761605172677,0,0,0,"BC","BC","recruit","AD","AD","AD"
"FR39","FR39_920",920,13.0657100455922,0,0,13.0657100455922,0,0,0,"BC","BC","recruit","AD","AD","AD"
"FR39","FR39_924",924,3.58121464328496,0,0,3.58121464328496,0,0,0,"BC","BC","recruit","AD","AD","AD"
"FR39","FR39_952",952,215.183577584415,0,0,215.183577584415,0,0,0,"BC","BC","recruit","AD","AD","AD"
"FR40","FR40_1002",0,0,0,844.44049368,0,0,0,483.33773412,"BC","BC","BC","BC","BC","recruit"
"FR40","FR40_1003",0,0,0,0,0,0,0,76.07836872,"BC","BC","BC","BC","BC","recruit"
"FR40","FR40_1016",0,0,0,0,0,0,0,77.31966456,"BC","BC","BC","BC","BC","recruit"
"FR40","FR40_1021",0,0,0,0,0,0,0,235.04590044,"BC","BC","BC","BC","BC","recruit"
"FR40","FR40_1033",0,0,0,130.18906764,0,0,0,305.11378404,"BC","BC","BC","BC","BC","recruit"
"FR40","FR40_1034",0,0,0,0,0,0,0,92.24788032,"BC","BC","BC","BC","BC","recruit"
"FR40","FR40_1050",0,0,0,0,0,0,0,74.83707288,"BC","BC","BC","BC","BC","recruit"
"FR40","FR40_1052",0,0,0,0,0,0,0,239.58642996,"BC","BC","BC","BC","BC","recruit"
"FR40","FR40_1063",0,0,0,0,0,0,0,515.31743484,"BC","BC","BC","BC","BC","recruit"
"FR40","FR40_1371",0,0,0,80.45556984,0,0,0,0,"BC","recruit","died","AD","AD","AD"
"FR40","FR40_1395",0,0,0,18.30911364,0,0,0,0,"BC","recruit","died","AD","AD","AD"
"FR40","FR40_1415",0,0,0,8.50940964,0,0,0,0,"BC","recruit","died","AD","AD","AD"
"FR40","FR40_1416",0,0,0,87.9523434,0,0,0,0,"BC","recruit","died","AD","AD","AD"
"FR40","FR40_1422",0,0,0,15.94085184,0,0,0,0,"BC","recruit","died","AD","AD","AD"
"FR40","FR40_1454",0,0,0,36.76522284,0,0,0,0,"BC","recruit","died","AD","AD","AD"
"FR40","FR40_1478",0,0,0,36.03024504,0,0,0,0,"BC","recruit","died","AD","AD","AD"
"FR40","FR40_1485",0,0,0,31.88170368,0,0,0,0,"BC","recruit","died","AD","AD","AD"
"FR40","FR40_1540",0,0,0,48.36153924,0,0,0,0,"BC","recruit","died","AD","AD","AD"
"FR40","FR40_1564",0,0,0,81.30487752,0,0,0,0,"BC","recruit","died","AD","AD","AD"
"FR40","FR40_1602",0,0,0,31.97970072,0,0,0,0,"BC","recruit","died","AD","AD","AD"
"FR40","FR40_1620",0,0,0,83.19948696,0,0,0,0,"BC","recruit","died","AD","AD","AD"
"FR40","FR40_1624",0,0,0,140.80541364,0,0,0,0,"BC","recruit","died","AD","AD","AD"
"FR40","FR40_1648",0,0,0,102.66823224,0,0,0,0,"BC","recruit","died","AD","AD","AD"
"FR40","FR40_1656",0,0,0,100.038645,0,0,0,0,"BC","recruit","died","AD","AD","AD"
"FR40","FR40_1676",0,0,0,41.99173164,0,0,0,0,"BC","recruit","died","AD","AD","AD"
"FR40","FR40_1688",0,0,0,66.42566028,0,0,0,0,"BC","recruit","died","AD","AD","AD"
"FR40","FR40_1691",0,0,0,433.75123188,0,0,0,0,"BC","recruit","died","AD","AD","AD"
"FR40","FR40_1694",0,0,0,23.86227924,0,0,0,0,"BC","recruit","died","AD","AD","AD"
"FR40","FR40_1702",0,0,0,4.7365236,0,0,0,0,"BC","recruit","died","AD","AD","AD"
"FR40","FR40_1732",0,0,0,1366.20940032,0,0,0,0,"BC","recruit","died","AD","AD","AD"
"FR40","FR40_1757",0,0,0,48.05121528,0,0,0,0,"BC","recruit","died","AD","AD","AD"
"FR40","FR40_1759",0,0,0,537.28510464,0,0,0,0,"BC","recruit","died","AD","AD","AD"
"FR40","FR40_1766",0,0,0,69.41457,0,0,0,0,"BC","recruit","died","AD","AD","AD"
"FR40","FR40_1775",0,0,0,79.5409308,0,0,0,0,"BC","recruit","died","AD","AD","AD"
"FR40","FR40_1779",0,0,0,138.04516368,0,0,0,0,"BC","recruit","died","AD","AD","AD"
"FR40","FR40_1781",0,0,0,80.73322812,0,0,0,0,"BC","recruit","died","AD","AD","AD"
"FR40","FR40_1795",0,0,0,158.68987344,0,0,0,0,"BC","recruit","died","AD","AD","AD"
"FR40","FR40_1810",0,0,0,473.66869284,0,0,0,0,"BC","recruit","died","AD","AD","AD"
"FR40","FR40_1815",0,0,0,133.520967,0,0,0,0,"BC","recruit","died","AD","AD","AD"
"FR40","FR40_1820",0,0,0,446.99716512,0,0,0,0,"BC","recruit","died","AD","AD","AD"
"FR40","FR40_1832",0,0,0,64.4330538,0,0,0,0,"BC","recruit","died","AD","AD","AD"
"FR40","FR40_1841",0,0,0,95.26945572,0,0,0,0,"BC","recruit","died","AD","AD","AD"
"FR40","FR40_1847",0,0,0,59.05954944,0,0,0,0,"BC","recruit","died","AD","AD","AD"
"FR40","FR40_1848",0,0,0,54.24136164,0,0,0,0,"BC","recruit","died","AD","AD","AD"
"FR40","FR40_1855",0,0,0,114.5748726,0,0,0,0,"BC","recruit","died","AD","AD","AD"
"FR40","FR40_1864",0,0,0,38.83949352,0,0,0,0,"BC","recruit","died","AD","AD","AD"
"FR40","FR40_1865",0,0,0,204.58515384,0,0,0,0,"BC","recruit","died","AD","AD","AD"
"FR40","FR40_1876",0,0,0,18.32544648,0,0,0,0,"BC","recruit","died","AD","AD","AD"
"FR40","FR40_1877",0,0,0,4.45886532,0,0,0,0,"BC","recruit","died","AD","AD","AD"
"FR40","FR40_1878",0,0,0,79.18160832,0,0,0,0,"BC","recruit","died","AD","AD","AD"
"FR40","FR40_1880",0,0,0,22.68631476,0,0,0,0,"BC","recruit","died","AD","AD","AD"
"FR40","FR40_1883",0,0,0,67.84661736,0,0,0,0,"BC","recruit","died","AD","AD","AD"
"FR40","FR40_1889",0,0,0,4.78552212,0,0,0,0,"BC","recruit","died","AD","AD","AD"
"FR40","FR40_1898",0,0,0,19.41974676,0,0,0,0,"BC","recruit","died","AD","AD","AD"
"FR40","FR40_1901",0,0,0,221.27731632,0,0,0,0,"BC","recruit","died","AD","AD","AD"
"FR40","FR40_1916",0,0,0,53.39205396,0,0,0,0,"BC","recruit","died","AD","AD","AD"
"FR40","FR40_1931",0,0,0,49.14551556,0,0,0,0,"BC","recruit","died","AD","AD","AD"
"FR40","FR40_1933",0,0,0,73.089459,0,0,0,0,"BC","recruit","died","AD","AD","AD"
"FR40","FR40_1937",0,0,0,69.12057888,0,0,0,0,"BC","recruit","died","AD","AD","AD"
"FR40","FR40_1941",0,0,0,240.77872728,0,0,0,0,"BC","recruit","died","AD","AD","AD"
"FR40","FR40_1944",0,0,0,134.19061344,0,0,0,0,"BC","recruit","died","AD","AD","AD"
"FR40","FR40_1946",0,0,0,20.31805296,0,0,0,0,"BC","recruit","died","AD","AD","AD"
"FR40","FR40_1947",0,0,0,35.63825688,0,0,0,0,"BC","recruit","died","AD","AD","AD"
"FR40","FR40_1948",0,0,0,44.70298308,0,0,0,0,"BC","recruit","died","AD","AD","AD"
"FR40","FR40_1954",0,0,0,250.34977152,0,0,0,0,"BC","recruit","died","AD","AD","AD"
"FR40","FR40_1956",0,0,0,71.47250784,0,0,0,0,"BC","recruit","died","AD","AD","AD"
"FR40","FR40_1960",0,0,0,152.51605992,0,0,0,0,"BC","recruit","died","AD","AD","AD"
"FR40","FR40_1978",0,0,0,102.92955768,0,0,0,0,"BC","recruit","died","AD","AD","AD"
"FR40","FR40_1988",0,0,0,188.13798396,0,0,0,0,"BC","recruit","died","AD","AD","AD"
"FR40","FR40_1990",0,0,0,34.28263116,0,0,0,0,"BC","recruit","died","AD","AD","AD"
"FR40","FR40_1993",0,0,0,1275.93779364,0,0,0,0,"BC","recruit","died","AD","AD","AD"
"FR40","FR40_1994",0,0,0,45.731952,0,0,0,0,"BC","recruit","died","AD","AD","AD"
"FR40","FR40_1998",0,0,0,136.23221844,0,0,0,0,"BC","recruit","died","AD","AD","AD"
"FR40","FR40_2001",0,0,0,123.81926004,0,0,0,0,"BC","recruit","died","AD","AD","AD"
"FR40","FR40_2029",0,0,0,177.57063648,0,0,0,0,"BC","recruit","died","AD","AD","AD"
"FR40","FR40_2037",0,0,0,243.04899204,0,0,0,0,"BC","recruit","died","AD","AD","AD"
"FR40","FR40_2044",0,0,0,56.28296664,0,0,0,0,"BC","recruit","died","AD","AD","AD"
"FR40","FR40_2050",0,0,0,59.97418848,0,0,0,0,"BC","recruit","died","AD","AD","AD"
"FR40","FR40_2055",0,0,0,82.6441704,0,0,0,0,"BC","recruit","died","AD","AD","AD"
"FR40","FR40_2064",0,0,0,71.60317056,0,0,0,0,"BC","recruit","died","AD","AD","AD"
"FR40","FR40_2067",0,0,0,86.38439076,0,0,0,0,"BC","recruit","died","AD","AD","AD"
"FR40","FR40_2074",0,0,0,95.07346164,0,0,0,0,"BC","recruit","died","AD","AD","AD"
"FR40","FR40_2076",0,0,0,27.0308502,0,0,0,0,"BC","recruit","died","AD","AD","AD"
"FR40","FR40_2099",0,0,0,8.16642,0,0,0,0,"BC","recruit","died","AD","AD","AD"
"FR40","FR40_2101",0,0,0,20.56304556,0,0,0,0,"BC","recruit","died","AD","AD","AD"
"FR40","FR40_2118",0,0,0,131.57735904,0,0,0,0,"BC","recruit","died","AD","AD","AD"
"FR40","FR40_2125",0,0,0,6.89245848,0,0,0,0,"BC","recruit","died","AD","AD","AD"
"FR40","FR40_599",0,0,0,0,0,0,0,837.23771124,"BC","BC","BC","BC","BC","recruit"
"FR40","FR40_608",0,0,0,0,0,0,0,50.1418188,"BC","BC","BC","BC","BC","recruit"
"FR40","FR40_609",0,0,0,0,0,0,0,900.95212008,"BC","BC","BC","BC","BC","recruit"
"FR40","FR40_610",0,0,0,0,0,0,0,230.17871412,"BC","BC","BC","BC","BC","recruit"
"FR40","FR40_624",0,0,0,0,0,0,0,135.12158532,"BC","BC","BC","BC","BC","recruit"
"FR40","FR40_632",0,0,0,0,0,0,0,1130.51018628,"BC","BC","BC","BC","BC","recruit"
"FR40","FR40_634",0,0,0,308.33135352,0,0,0,491.22649584,"BC","BC","BC","BC","BC","recruit"
"FR40","FR40_638",0,0,0,62.62010856,0,0,0,27.91282356,"BC","BC","BC","BC","BC","recruit"
"FR40","FR40_639",0,0,0,405.88740684,0,0,0,710.08655184,"BC","BC","BC","BC","BC","recruit"
"FR40","FR40_671",0,0,0,0,0,0,0,1394.71020612,"BC","BC","BC","BC","BC","recruit"
"FR40","FR40_758",0,0,0,0,0,0,0,566.92920924,"BC","BC","BC","BC","BC","recruit"
"FR40","FR40_766",0,0,0,0,0,0,0,28.10881764,"BC","BC","BC","BC","BC","recruit"
"FR40","FR40_817",0,0,0,0,0,0,0,106.34312124,"BC","BC","BC","BC","BC","recruit"
"FR40","FR40_822",0,0,0,0,0,0,0,995.06194416,"BC","BC","BC","BC","BC","recruit"
"FR40","FR40_831",0,0,0,0,0,0,0,38.51283672,"BC","BC","BC","BC","BC","recruit"
"FR40","FR40_833",0,0,0,2159.0381196,0,0,0,1229.14420704,"BC","BC","BC","BC","BC","recruit"
"FR40","FR40_850",0,0,0,0,0,0,0,26.73685908,"BC","BC","BC","BC","BC","recruit"
"FR40","FR40_856",0,0,0,0,0,0,0,75.68638056,"BC","BC","BC","BC","BC","recruit"
"FR40","FR40_870",0,0,0,956.09178792,0,0,0,578.77051824,"BC","BC","BC","BC","BC","recruit"
"FR40","FR40_871",0,0,0,0,0,0,0,42.67771092,"BC","BC","BC","BC","BC","recruit"
"FR40","FR40_873",0,0,0,0,0,0,0,519.75996732,"BC","BC","BC","BC","BC","recruit"
"FR40","FR40_879",0,0,0,6562.43711496,0,0,0,4702.17563748,"BC","BC","BC","BC","BC","recruit"
"FR40","FR40_901",0,0,0,0,0,0,0,132.16534128,"BC","BC","BC","BC","BC","recruit"
"FR40","FR40_904",0,0,0,0,0,0,0,193.544154,"BC","BC","BC","BC","BC","recruit"
"FR40","FR40_913",0,0,0,0,0,0,0,17.05148496,"BC","BC","BC","BC","BC","recruit"
"FR40","FR40_915",0,0,0,1307.90116152,0,0,0,556.93351116,"BC","BC","BC","BC","BC","recruit"
"FR40","FR40_921",0,0,0,1142.09016984,0,0,0,251.18274636,"BC","BC","BC","BC","BC","recruit"
"FR40","FR40_932",0,0,0,1265.51744172,0,0,0,457.90750224,"BC","BC","BC","BC","BC","recruit"
"FR40","FR40_938",0,0,0,558.86078628,0,0,0,123.45993756,"BC","BC","BC","BC","BC","recruit"
"FR40","FR40_941",0,0,0,197.4640356,0,0,0,131.78968596,"BC","BC","BC","BC","BC","recruit"
"FR40","FR40_943",0,0,0,0,0,0,0,789.46415424,"BC","BC","BC","BC","BC","recruit"
"FR40","FR40_946",0,0,0,1552.37111064,0,0,0,492.2717976,"BC","BC","BC","BC","BC","recruit"
"FR40","FR40_954",0,0,0,0,0,0,0,108.22139784,"BC","BC","BC","BC","BC","recruit"
"FR40","FR40_956",0,0,0,1165.00514436,0,0,0,394.55241588,"BC","BC","BC","BC","BC","recruit"
"FR40","FR40_962",0,0,0,486.83296188,0,0,0,123.81926004,"BC","BC","BC","BC","BC","recruit"
"FR40","FR40_969",0,0,0,375.83498124,0,0,0,169.2898866,"BC","BC","BC","BC","BC","recruit"
"FR40","FR40_984",0,0,0,0,0,0,0,146.52190764,"BC","BC","BC","BC","BC","recruit"
"FR40","FR40_985",0,0,0,0,0,0,0,108.51538896,"BC","BC","BC","BC","BC","recruit"
"FR40","FR40_994",0,0,0,3216.65484096,0,0,0,803.6573922,"BC","BC","BC","BC","BC","recruit"
"FR8","FR8_1942",1942,2705.7215869695,0,0,2705.7215869695,0,0,0,"BC","BC","recruit","AD","AD","AD"
"FR8","FR8_1946",1946,334.3191843618,0,0,334.3191843618,0,0,0,"BC","BC","recruit","AD","AD","AD"
"FR8","FR8_1948",1948,304.1949023091,0,0,304.1949023091,0,0,0,"BC","BC","recruit","AD","AD","AD"
"FR8","FR8_1955",1955,1276.1474417604,0,0,1276.1474417604,0,0,0,"BC","BC","recruit","AD","AD","AD"
"FR8","FR8_1962",1962,83.2617541305,0,0,83.2617541305,0,0,0,"BC","BC","recruit","AD","AD","AD"
"FR8","FR8_1963",1963,45.9285209856,0,0,45.9285209856,0,0,0,"BC","BC","recruit","AD","AD","AD"
"FR8","FR8_1981",1981,164.7946647864,0,0,164.7946647864,0,0,0,"BC","BC","recruit","AD","AD","AD"
"FR8","FR8_2005",2005,20.8276709157,0,0,20.8276709157,0,0,0,"BC","BC","recruit","AD","AD","AD"
"FR8","FR8_2090",2090,2491.8342914421,0,0,2491.8342914421,0,0,0,"BC","BC","recruit","AD","AD","AD"
"FR8","FR8_2096",2096,26.8623132327,0,0,26.8623132327,0,0,0,"BC","BC","recruit","AD","AD","AD"
"FR8","FR8_2132",2132,30.3526198701,0,0,30.3526198701,0,0,0,"BC","BC","recruit","AD","AD","AD"
"FR8","FR8_2135",2135,48.2282090037,84.3545136852,0,48.2282090037,0,0,0,"BC","BC","recruit","AD","AD","AD"
"FR8","FR8_2226",2226,72.741904686,0,0,72.741904686,0,0,0,"BC","BC","recruit","AD","AD","AD"
"FR8","FR8_2251",2251,21.8062615617,0,0,21.8062615617,0,0,0,"BC","BC","recruit","AD","AD","AD"
"FR8","FR8_2368",2368,20.1263476194,0,0,20.1263476194,0,0,0,"BC","BC","recruit","AD","AD","AD"
"FR8","FR8_2395",2395,91.9712108799,0,0,91.9712108799,0,0,0,"BC","BC","recruit","AD","AD","AD"
"FR8","FR8_2404",2404,37.5615709623,0,0,37.5615709623,0,0,0,"BC","BC","recruit","AD","AD","AD"
"FR8","FR8_2406",2406,3.6370952343,0,0,3.6370952343,0,0,0,"BC","BC","recruit","AD","AD","AD"
"FR8","FR8_2408",2408,136.1056490145,0,0,136.1056490145,0,0,0,"BC","BC","recruit","AD","AD","AD"
"FR8","FR8_2414",2414,410.2251988032,0,0,410.2251988032,0,0,0,"BC","BC","recruit","AD","AD","AD"
"FR8","FR8_2426",2426,10.3730608476,0,0,10.3730608476,0,0,0,"BC","BC","recruit","AD","AD","AD"
"FR8","FR8_2431",2431,9.0030339432,0,0,9.0030339432,0,0,0,"BC","BC","recruit","AD","AD","AD"
"FR8","FR8_2436",2436,13.6676493558,0,0,13.6676493558,0,0,0,"BC","BC","recruit","AD","AD","AD"
"FR8","FR8_2506",2506,370.3313201346,0,0,370.3313201346,0,0,0,"BC","BC","recruit","AD","AD","AD"
"FR8","FR8_2520",2520,58.8622273569,0,0,58.8622273569,0,0,0,"BC","BC","recruit","AD","AD","AD"
"FR8","FR8_2529",2529,133.8059609964,0,0,133.8059609964,0,0,0,"BC","BC","recruit","AD","AD","AD"
"FR8","FR8_2618",2618,55.2251321226,0,0,55.2251321226,0,0,0,"BC","BC","recruit","AD","AD","AD"
"FR8","FR8_2626",2626,101.0721038877,0,0,101.0721038877,0,0,0,"BC","BC","recruit","AD","AD","AD"
"FR8","FR8_2634",2634,120.203551017,0,0,120.203551017,0,0,0,"BC","BC","recruit","AD","AD","AD"
"FR8","FR8_2639",2639,51.8326845498,0,0,51.8326845498,0,0,0,"BC","BC","recruit","AD","AD","AD"
"FR8","FR8_2641",2641,54.0997528797,0,0,54.0997528797,0,0,0,"BC","BC","recruit","AD","AD","AD"
"FR8","FR8_2644",2644,201.3124057263,0,0,201.3124057263,0,0,0,"BC","BC","recruit","AD","AD","AD"
"FR8","FR8_2688",2688,227.5875645714,0,0,227.5875645714,0,0,0,"BC","BC","recruit","AD","AD","AD"
"FR8","FR8_2718",2718,140.5419266097,0,0,140.5419266097,0,0,0,"BC","BC","recruit","AD","AD","AD"
"FR8","FR8_2815",2815,34.9356860622,0,0,34.9356860622,0,0,0,"BC","BC","recruit","AD","AD","AD"
